ID,Nombre,Apellido,Ingreso,Gastos generales,Familiares a cargo,Accesibilidad a calle asfaltada,Otra empresa
1,Filia,Murrthum,26.5,15.75,false,false,false
2,Neysa,Attarge,723.06,475.84,true,true,false
3,Ervin,Keggin,692.55,410.67,false,true,true
4,Stacee,Foggo,815.42,403.88,true,true,true
5,Floyd,Borrett,672,504.42,false,false,true
6,Bryanty,Winscom,804.8,391.03,false,false,true
7,Tracie,Treharne,723.41,498.91,true,true,true
8,Minny,Cool,794.69,463.55,true,true,false
9,Samuele,Lippett,721.44,301.73,true,true,false
10,Krissie,Kempshall,768.04,525.68,false,true,false
11,Kathryn,Olohan,,354.03,true,false,false
12,Dara,Hancill,451.92,521.44,false,false,false
13,Debora,O'Carrol,934.38,460.1,false,false,false
13,Debora,O'Carrol,934.38,460.1,false,false,false
14,Philip,Leband,1022.47,459.18,false,false,true
15,Hestia,Demelt,891.96,609.5,false,false,false
16,Jayne,Seyffert,1016.51,356.42,true,true,true
17,Anastasie,Izachik,983.22,681.03,false,true,false
18,Eddie,McCorkindale,776.91,412.1,false,false,false
19,Goddart,Franzonetti,542.52,414.35,true,true,false
20,Stanwood,Damrell,801.69,365.15,false,true,true
21,Reeta,Reyna,815.77,523.98,false,true,false
22,Kiley,Amar,800.35,389.79,true,false,false
23,Elora,Bulteel,862.81,384.12,true,false,true
24,Ardene,Callander,1024.05,577.38,true,true,true
25,Elly,Andrys,551.69,438.16,true,false,false
26,Robena,McCoveney,419.59,407.34,true,true,true
27,Binnie,Avrashin,811.21,485.26,false,false,true
28,Morlee,Plan,816.89,519.98,true,true,true
29,Charlton,Castells,891.2,441.25,false,true,false
30,Viki,Poxton,862.41,451.66,false,false,true
31,Frederica,Matusevich,585.5,477.55,false,true,false
32,Zacharia,Feldhorn,834.13,582.17,true,true,true
33,Hartley,Jolliff,472.97,544.93,true,false,false
34,Martina,Kunzler,32.45,450.29,true,false,false
35,Jacqueline,Scudder,643.26,452.86,false,false,true
35,Jacqueline,Scudder,643.26,452.86,false,false,true
36,Gram,Gergler,,375.25,false,true,true
37,Bertram,Hatchett,869.98,331.59,true,false,false
38,Gilly,Gaven,887.06,436.37,false,false,true
39,Marissa,Prandoni,712.24,,true,false,false
40,Marga,Mcasparan,,418.02,true,true,true
41,Wandis,Hayman,718.25,387.18,true,false,true
42,Druci,Abbie,603.75,378.66,true,true,false
43,Jarrid,De Giorgi,794.9,395.64,true,false,false
44,Lammond,Bend,596.16,512.2,true,true,true
45,Nadya,Cottam,886.48,414.95,false,false,false
46,Stanly,Claworth,661.76,453.34,true,true,false
47,Joletta,Struis,889.62,454.94,true,true,false
48,Mella,Kick,862.91,445.79,false,true,false
49,Maure,Godney,673.35,396.25,true,false,false
50,Charley,Jervis,721.06,424.31,false,true,true
51,Marleen,McGrale,726.6,488.72,false,false,true
52,Jaine,Cummings,738.39,346.7,false,true,true
53,Tedda,Gerrelt,860.97,439.32,true,true,false
54,Trip,Keelinge,807.01,431.3,true,false,true
55,Obadiah,Cleobury,710.59,368.96,true,false,true
56,Parnell,Hounson,795.4,390.91,false,true,true
57,Tyrone,Behr,753.36,520.82,false,true,false
58,Audi,Cristoforetti,671.58,440.65,true,true,true
59,Darryl,Hechlin,948.87,514.45,true,false,true
60,Row,Morrott,558.59,351.36,false,true,false
61,Westbrooke,Josephov,652.89,421.91,false,false,false
62,Vanni,Pitrelli,602.42,499.95,true,true,true
63,Averil,Tamas,742.19,458.57,false,true,false
64,Shanna,Pentin,842.04,414.21,true,true,true
65,Ronna,Dumbell,767.3,463.69,false,false,false
66,Elvin,Liversidge,792.45,443.56,true,true,true
67,Matelda,Daykin,749.36,466.77,true,false,false
68,Gerik,Iskow,775.22,18.47,false,false,true
69,Jerrylee,Keer,810.13,487.16,false,false,true
70,Aarika,Lownes,751.54,391.93,false,false,true
71,Karisa,Emmert,822.92,425.42,false,false,false
72,Daveta,Belcher,921.92,353.21,true,false,true
73,Gardener,Fonte,702.19,531.6,true,false,false
74,Dina,Chichgar,581.08,482.35,true,false,true
75,La verne,Boyett,838.47,440.52,true,true,true
76,Antoni,Arnke,1007.75,333.13,true,false,false
77,Patty,Josham,510.34,381.47,true,false,true
78,Bevvy,Bortolozzi,723.45,469.18,false,true,true
79,Rudolf,Suche,857.02,574.15,true,false,true
80,Lilian,Strut,632.02,416.96,true,false,false
81,Gearard,Denzilow,771,465.79,true,false,true
82,Giles,Cino,815.87,434.85,false,false,false
83,Antin,Sindle,711.52,356.3,false,true,true
84,Kordula,Drowsfield,869.31,402.06,true,false,false
85,Wayne,Kilmister,31,468.91,true,true,true
86,Valaria,Izen,1056.5,541.95,false,true,true
87,Emmit,Klain,741.89,453.56,true,true,true
88,Mignonne,Aspden,740.31,466.94,false,false,true
89,Tawsha,Harcase,703.37,447.42,true,false,true
90,Christin,Paley,672.01,361.07,false,true,false
91,North,Vasilchikov,926.97,530.9,false,false,true
92,Sydney,Starkie,1151.68,598.63,false,true,false
93,Carey,Parkyns,678.02,410.95,true,false,true
94,Melloney,McIntee,926.27,496.78,false,false,false
95,Bastian,Harrinson,922.36,532.15,true,true,true
96,Michel,Paddison,747.28,530.27,true,false,true
97,Birch,Westmerland,,465.43,true,false,true
97,Birch,Westmerland,,465.43,true,false,true
98,Sarina,Tebbet,683.06,633.74,false,false,true
99,Ferrel,Shapera,856.87,464.89,false,true,true
100,Benedick,Wollaston,1024.1,408.7,false,true,true
101,Mile,Leathley,1055.09,344.69,false,false,false
102,Haze,Leathart,1155.36,495.69,true,true,false
103,Lorens,Grzeskowski,868.53,392.7,false,true,true
104,Jarrid,Knowlman,803.36,520.71,false,true,false
105,Stacey,Rake,766.08,445.96,true,true,false
106,Paten,Twiggins,835.66,552.41,true,false,false
107,Dotty,Hinks,617.95,307.14,false,false,true
108,Shay,Hainey,625.26,479.92,true,true,true
109,Evin,Ciccarelli,782.31,416.07,true,false,true
110,Clim,Beadnell,815.85,550.79,true,true,false
111,Theda,Matyasik,958.55,,false,true,false
112,Charley,Stanlick,570.94,508.25,true,false,false
113,Deb,Stove,921.33,586.39,false,true,false
114,Lionel,Raisher,433.34,303.82,false,false,false
115,Bartlet,Bourgour,877.85,537.14,true,true,false
116,Lloyd,Jee,629.48,529.48,true,true,false
117,Frederica,Wharin,643.53,449.41,false,true,true
118,Rory,Ruler,732.72,405.21,false,false,false
119,Josephina,Rollett,656.25,502.85,true,false,true
120,Kingston,Leuren,35.04,304.93,true,false,true
121,Kiri,Yallowley,687.15,535.13,false,true,true
122,Edgar,Humphries,829.22,572.59,true,true,false
123,Margaux,Feavearyear,702.65,522.2,true,false,false
124,Mycah,Scotts,854.59,263.54,false,false,true
125,Pryce,Servis,764,499.52,true,true,true
126,Aldous,Djurisic,959.49,499.94,false,false,false
127,Eldon,Lovejoy,628.91,504.9,false,false,true
128,Mira,Shotboult,743.29,465.44,true,true,true
129,Korella,Kingscott,738,403.46,false,true,false
130,Barth,Garber,882.52,535.6,true,true,false
131,Amabelle,Bunner,996.69,352.38,false,false,false
132,Ulric,Drinkwater,975.49,428.54,false,true,false
133,Agatha,Casement,694.11,427.07,true,false,true
134,Emlyn,Lambillion,710.58,375.68,false,false,false
135,Kirsten,Sommerlie,771.06,340.4,false,false,false
135,Kirsten,Sommerlie,771.06,340.4,false,false,false
136,Ange,Melbourn,855.09,427.21,true,true,true
137,Cherianne,Skeel,819.31,564.99,true,true,true
138,Andrea,Walsh,730,425.12,false,true,true
139,Eydie,Fairlie,886,336.98,true,false,true
140,Bernadina,Reast,926.12,545.01,false,true,false
141,Marlane,Marklund,623.67,299.76,true,false,false
142,Carol,Walls,580.33,522.43,true,false,true
143,Baxy,Betho,954.59,415.77,false,true,true
144,Stella,Mosley,,426.73,true,false,false
145,Renaud,Edworthy,855.97,420.37,true,false,true
146,Marlie,Wiper,620.37,414.36,false,true,true
147,Lalo,Brisset,672.67,422.96,false,false,false
148,Whittaker,Anger,652.98,417.08,true,true,false
149,Phip,Younger,727.01,477.54,true,false,true
150,Gwenette,Goodhay,660.66,293.38,false,true,true
151,Alejandra,Wawer,850.34,552.72,false,true,false
152,Conny,McCroary,789.51,497.34,true,true,false
153,Dacia,Skingley,1053.68,529.8,false,false,false
154,Alina,Fullwood,747.09,17.95,false,false,false
155,Alys,Fomichyov,450.03,352.33,true,false,true
156,Correna,Baitey,585.42,462.24,false,false,false
157,Kandace,Luebbert,694.71,468.68,true,true,false
157,Kandace,Luebbert,694.71,468.68,true,true,false
158,Veda,Earlam,874.23,565.11,true,false,false
159,Caleb,Reeve,878.84,381.93,true,true,true
160,Teodoor,Isgar,1012.39,386.46,false,true,true
161,Sheffy,Prestidge,851.75,346.78,true,true,true
162,Oran,Persse,926.35,379.33,true,false,true
163,Thorsten,Roycroft,568.23,284.39,false,true,false
164,Tome,McDarmid,485.78,489.75,true,false,false
165,Bill,Ibbs,534.39,393.77,false,true,false
166,Jerrie,Lackinton,920.31,446.92,false,false,false
167,Trude,Ferentz,737.22,394.68,false,false,true
168,Martynne,Churcher,544.06,458.37,true,true,false
169,Noell,Gerrey,786.39,372.16,false,true,true
170,Lonnie,Peres,725.78,314.55,true,false,false
171,Genevra,Carmen,897.32,450.09,true,true,false
172,Andreas,Raunds,750.48,543.45,true,true,true
173,Carolyn,Dries,765.44,478.12,false,true,true
174,Anthony,Blest,707.72,353.81,false,false,true
175,Rona,Craighead,701.04,457.15,false,true,true
176,Annalee,Romagnosi,944.25,409.55,true,false,false
177,Sallyann,Closs,1047.51,332.04,false,false,false
178,Iormina,Van Vuuren,519.95,444.99,false,true,true
179,Astrid,Yurtsev,710.13,336.05,false,true,false
180,Abrahan,Snowding,958.93,500.04,false,true,true
181,Karena,Skune,700.28,503.98,false,false,true
182,Adler,Scartifield,911.06,314.25,false,true,false
183,Ajay,Freckelton,835.52,,true,true,true
184,Trisha,Rankin,1200.82,509.22,false,false,true
185,Eartha,Knellen,714.45,419.44,true,true,true
186,Calida,Nosworthy,908.11,434.24,true,true,false
187,Adolf,Backhurst,843.96,389.28,true,false,false
188,Philippa,Kenington,864.28,,false,true,true
189,Jocko,Rainey,789.35,509.09,true,false,false
190,Onfre,Cullon,890.99,478.07,true,true,false
191,Selia,Jepps,610.33,329.36,true,false,false
192,Lee,Lipgens,796.75,420.66,true,true,true
193,Brian,Adamov,637.42,326.84,true,false,true
194,Carl,Feldmesser,1024.35,410.54,false,true,false
194,Carl,Feldmesser,1024.35,410.54,false,true,false
195,Cristal,Conner,915.91,433.8,false,true,false
196,Domingo,Ridsdell,866.87,436.93,false,false,true
197,Keven,Pleat,863.75,342.17,true,false,true
198,Shelly,Batiste,384.37,456.05,false,true,true
199,Bevvy,Elvins,680.22,483.63,false,true,true
200,Daune,Wickrath,755.52,437.75,true,true,false
201,Evin,Partlett,642.8,482.47,false,false,false
202,Shir,Dragge,738.15,439.26,false,true,true
203,Gloriana,Kidner,895.25,406.39,false,false,true
204,Cahra,Amort,809.12,409.1,true,true,true
205,Giustina,Presnell,,397.4,false,false,false
206,Sully,Rookes,709.48,351.38,false,true,true
207,Bambi,Speake,899.13,321.24,false,false,false
208,Anestassia,Casino,1111.91,459.01,false,true,true
209,Adan,DelaField,712.25,596.27,false,false,false
210,Christa,Durdy,718.82,557.85,false,false,true
211,Shea,Askam,722.39,504.04,false,false,false
212,Branden,Crank,1034.89,408.43,false,false,true
213,Dallas,Balfre,577.96,414.67,true,false,true
214,Jolene,Ockland,967.9,549.41,true,true,true
215,Raimondo,McCuish,983.35,15.72,true,true,false
216,Izzy,Conduit,1263.21,326.81,false,false,true
217,Eudora,Craydon,820.42,424.54,true,false,false
218,Lloyd,Ruppele,897.96,464.87,false,true,false
219,Cordelie,Highman,742.51,358.15,true,true,true
220,Jay,Sayton,737.82,460.21,true,true,true
221,Sherry,MacVanamy,769.02,559.6,true,false,true
222,Emanuel,Billborough,654.59,435.76,true,true,false
222,Emanuel,Billborough,654.59,435.76,true,true,false
223,Cecilio,Hairsine,754.76,495.04,true,false,true
224,Ray,Neem,855.16,499.95,false,true,false
225,Blaire,Dafydd,916.87,434.47,true,false,true
226,Jocko,Ovitz,576.06,399.44,true,false,true
227,Padraic,Thornewill,759.94,439.93,false,true,true
228,Hillary,Giorgio,782.3,405.93,false,true,false
229,Leone,Forsythe,770.12,435.7,false,false,false
230,Michal,Glowach,742.54,499.36,true,false,true
231,Michelle,Greener,790.17,499.78,true,true,false
232,Tammie,Kieff,945.41,481.13,true,true,false
233,Maxine,Thwaites,1048.48,425.27,false,false,true
234,Maridel,Cordaroy,636.52,465.7,true,false,true
235,Lionel,Yetman,752.19,254.73,false,false,false
236,Stephanie,Mutton,725.67,487.31,false,false,true
237,Reinald,Wildblood,732.82,412.35,true,false,false
238,Isidore,Elliff,629.88,591.33,false,false,false
239,Salli,Duchart,829.11,454.32,true,false,true
240,Elfrida,O'Carroll,576,432.51,false,false,false
241,Padriac,Trigg,518.56,448.05,true,true,false
242,Karlotta,McClurg,932.57,449.3,false,false,false
243,Vito,Irons,667.3,466.61,false,false,true
244,Adah,De Pietri,645.75,519.2,false,true,true
245,Cullan,Tibbotts,621.7,426.73,true,false,false
246,Carola,Diggens,606.77,347.65,true,true,false
247,Ray,Croix,908.3,441.74,false,false,false
248,Vernen,Pydcock,586.39,420.08,false,true,true
249,Hertha,Furmonger,834,367.63,false,false,false
250,Wyndham,Woodberry,941.12,490.26,false,false,false
250,Wyndham,Woodberry,941.12,490.26,false,false,false
251,Curr,Sturton,883.63,437,true,true,false
252,Fern,Geach,,515.44,false,true,true
253,Tina,Lantiff,552.57,426.81,true,true,true
254,Renado,Fabbri,733.51,299.26,false,false,true
255,Alfons,Semmence,924.8,452.3,true,false,true
256,Pavlov,Shawel,50.68,348.37,true,true,false
257,Beryl,Lodevick,717.62,373.12,true,true,false
258,Lucas,Withrop,723.98,457.62,false,false,true
259,Wolf,Shelliday,680.37,372.11,true,true,false
260,Meaghan,Hartman,698.4,,true,true,true
261,Bryana,Hafford,748.08,486.51,true,true,true
262,Isak,Pinnell,376.2,514.31,true,true,true
263,Obadias,Sivills,877.2,459.06,true,true,false
264,Shel,Pavlov,904.97,399.31,false,true,true
265,Cissiee,Praton,897.7,446.75,false,true,false
266,Madlen,Ryves,700.6,617.39,true,true,true
267,Meridith,Teece,991.07,498.09,false,false,false
268,York,Stringfellow,932.17,485.23,false,false,true
269,Kaylee,Cockman,781.8,222.42,true,false,false
270,Frasquito,Treacher,658.76,600.58,true,false,false
271,Mallorie,Draysey,1050.9,482.01,true,true,true
272,Terencio,Cressor,505.19,365.32,false,true,false
273,Dugald,McWhin,628.15,465.97,false,true,true
274,Ileane,Metcalfe,968.09,545.36,true,true,false
275,Alaric,Halbert,828.92,563.88,false,false,true
276,Ursala,Neylan,719.33,271.46,true,true,true
277,Lamond,Siebart,773.45,414.25,false,true,true
278,Ettie,Shuttleworth,840.76,523.65,true,false,false
279,Lena,Abdie,594.26,,false,false,true
280,Bret,Creaney,745.04,310.99,true,false,true
281,Elias,Jerrans,977.32,445.09,true,false,false
282,Rad,Deners,1023.81,332.08,true,true,true
283,Charisse,Tennant,769.29,435.45,false,true,true
284,Carly,Carr,682.88,508.74,true,true,true
285,Fidelio,Salvage,702.98,446.74,true,false,false
286,Merola,Kiss,611.93,584.77,false,false,true
287,Alvinia,Malling,949.37,550.31,false,true,true
288,Wenda,Kenyon,900.1,343.9,true,true,false
289,Curt,Plant,861.92,503.43,true,false,false
290,Mychal,Yellowlees,742.22,548.1,true,false,false
291,Putnam,Binestead,817.68,341.18,true,true,true
292,Wilbert,Preedy,1042.09,375.29,false,true,false
293,Gretta,Toothill,813.35,390.26,true,true,true
294,Cherilynn,Klambt,703.25,435.88,false,false,true
295,Rossy,Handyside,971.43,592.26,true,true,false
296,Basilius,Paulley,650.21,613.06,true,true,false
297,Grannie,Pietranek,1114.43,498.55,true,true,false
297,Grannie,Pietranek,1114.43,498.55,true,true,false
298,Adolphus,Hards,779.28,311.58,true,true,true
299,Chane,Croix,720.35,435.33,false,true,true
300,Cammi,Oaks,853.76,457.32,false,true,false
301,Morly,Batrop,842.51,633.92,false,true,false
302,Louisette,MacMillan,769.31,331.51,false,false,true
303,Clay,Butler,733.46,567.16,true,true,false
304,Lusa,Andriuzzi,690.87,513.61,true,true,true
305,Mei,Humbie,567.86,305.56,true,true,false
306,Otha,Teaser,849.77,507.03,true,false,false
307,Theobald,Thornton,635.04,406.77,false,false,true
308,Davon,Bradane,693.44,420.62,true,false,true
309,Kennett,Blanch,655.54,451.6,false,true,false
310,Dev,Berridge,700.12,576.94,true,true,true
311,Keelby,Cottham,636.04,454.56,false,true,false
312,Madel,Tatton,971.28,554.49,false,true,false
313,Dougy,Gutierrez,,439.44,true,true,false
314,Rosemarie,cornhill,797.93,319.93,false,true,true
315,Elena,Baptista,883.28,409.45,false,false,false
316,Willis,Amis,857.91,398.14,true,false,false
317,Ware,Frier,683.71,469.97,true,true,false
318,Ab,Balding,737.3,379.24,false,false,true
319,Binny,Di Claudio,836.32,377.12,true,true,true
320,Brad,Radden,650.13,433.74,true,true,false
321,Cicely,Louys,710.42,401.87,true,false,true
322,Shaun,Kluger,970.96,564.3,true,true,true
323,Babb,Inett,765.35,391.77,false,true,false
324,Gabey,Ireson,849.4,402.09,false,false,false
325,Rorie,Shiel,859.05,487.76,true,false,true
326,Edwin,Birtley,716.29,494.94,true,true,true
327,Michel,Salatino,875.67,461.95,true,true,false
328,Frederico,Cartmael,1126.51,559.62,false,true,true
329,Andy,Peachment,749.72,459.73,true,true,false
330,Rayner,Dallewater,741.23,449.56,false,false,true
331,Cortie,De Mitri,870.72,436.53,false,false,true
332,Gilberte,Manach,823.11,400.89,true,false,true
333,Betty,Noad,923.93,350.06,true,true,true
334,Nap,Hoggetts,1115.38,408.62,false,true,false
335,Juli,Keavy,704.21,332.45,true,true,true
336,Rubina,Bernardt,708.5,480.79,true,true,true
337,Marin,Castana,783.92,504.11,false,false,false
338,Ophelia,Daws,929.28,416.76,true,true,true
339,Raye,Shurey,726.13,478.01,false,true,true
340,Anita,Espasa,960.02,435.04,true,true,true
341,Wayne,Summerill,708.67,334.07,true,true,false
342,Rhett,Amsden,871.96,385.04,true,false,true
343,Bobbie,Delagnes,719.4,461.39,false,true,true
344,Quintus,Mercik,779.63,473.46,false,true,false
345,Tamera,Rainon,1118.96,471.18,false,false,true
346,Ker,Triplet,644.22,373.86,true,true,false
347,Gwynne,Golland,615.8,376.38,false,false,false
348,Aindrea,Pyecroft,617.45,579.73,false,true,true
349,Birch,Brambill,817.45,416.71,true,true,true
350,Raychel,Reynish,688.03,396.54,false,true,true
351,Bethina,Diggell,968.4,276.74,true,false,false
352,Sarah,Roast,910.93,428.15,true,true,false
353,Blair,Gatlin,796.67,401.54,true,true,true
354,Kerby,Bettles,1081.31,445.67,true,true,false
355,Kata,Haggidon,838.87,576.84,false,true,false
356,Jefferson,Gogay,577.85,426.47,false,false,false
357,Renata,Barhems,633.22,,true,false,false
358,Frieda,Frangello,650.77,434.99,false,true,false
359,Leighton,Krates,475.7,429.14,true,false,false
360,Mariel,Drover,817.17,620.18,true,false,true
361,Livia,Kembery,657.12,418.27,false,true,false
362,Forester,Garner,792.28,544.21,true,false,true
363,Sunny,Roughey,801.16,597.82,false,false,true
364,Rey,Prichard,793.7,442.53,true,false,true
365,Adams,Deering,771.46,413.19,true,true,false
366,Daryl,Paskin,976.82,514.88,true,false,false
367,Saidee,Wherry,941.43,351.42,true,true,false
368,Pauletta,Colthard,904.75,493.48,true,false,false
368,Pauletta,Colthard,904.75,493.48,true,false,false
369,Kermy,Deware,675.12,492.91,true,false,false
370,Delainey,Girdler,404.36,456.1,true,false,true
371,Odelinda,Brandli,668.64,366.58,true,true,true
372,Melicent,Ondrus,819.51,334.45,false,true,false
373,Micah,Constant,976.91,465.72,true,false,true
374,Taylor,Ratter,1009.21,347.66,true,true,false
375,Eben,Symper,511.84,,true,false,true
376,Gena,Lissenden,1005.01,361.7,true,false,false
377,Garald,Hizir,875.66,334.52,true,true,false
378,Leon,Cumbridge,,433.69,true,false,false
379,Lauralee,Pruvost,1143.28,460.5,false,true,true
380,Shanon,Hawlgarth,745.15,540.09,true,true,true
381,Ulrich,Agnew,877.48,347.2,false,true,false
382,Barbaraanne,Durnall,743.29,479.4,true,true,true
383,Salim,Manhood,451.62,347.01,false,false,false
384,Clari,Polet,786.52,467.91,true,true,false
385,Guthry,Kinnerley,905.58,442.93,false,true,false
386,Orland,Hatrick,628.35,566,false,false,false
387,Jillana,Cozzi,888.48,422.19,true,false,false
388,Dallis,Thompkins,726.04,405.7,true,false,false
389,Maye,McRill,817.35,441.09,false,false,false
390,Fannie,Nelles,974.8,526.47,true,true,true
391,Dennison,Treat,,437.85,false,false,false
392,Quincey,Druce,686.24,436.05,false,true,true
393,Fredi,Suthworth,712.01,344.4,true,true,false
394,Brig,Gorch,799.55,276.98,true,false,true
395,Devondra,Kaysor,928.98,451.34,false,true,false
396,Correy,Hemms,735.93,353.35,false,true,true
397,Bondy,Brien,886.85,618.71,true,true,true
398,Gwenni,Libbis,849.36,545.32,false,true,false
399,Fleurette,Shilliday,785.28,427.41,false,false,false
400,Tabbatha,Stott,769.25,413.62,false,false,true
401,Jen,Kenefick,1046.12,481.21,true,true,true
402,Ambrosius,Devin,535.55,560.32,false,true,true
403,Budd,Seckington,949.61,441.94,true,false,false
404,Olivette,Ferrario,939.5,540.86,false,false,false
405,Dyan,Zanetto,482.74,,true,false,false
406,Corrine,Hacquard,896.77,522.88,false,false,false
407,Stefa,Vannacci,743.11,534.89,true,false,true
408,Ryun,L'Hommee,930.49,553.64,true,false,true
409,Lennard,Hallowes,852.69,470.95,false,true,true
410,Dell,McGlaud,934.95,498.52,true,true,true
411,Karel,Farnes,704.47,394.54,false,false,false
412,Britt,Miklem,628.36,464.24,true,true,false
413,Ingaborg,Caller,756.01,395.38,false,false,false
414,Magnum,Driffill,805.57,440.09,false,true,true
415,Bourke,Collingwood,630.92,331.59,false,false,true
416,Jenna,Haversham,865.01,460.3,true,true,false
417,Laurette,Fruish,809.28,474.41,true,true,false
418,Rea,Hernik,626.81,378.65,true,true,true
419,Judi,Hatherell,933.53,632.9,true,true,true
420,Jimmie,Camoletto,679.58,385.56,true,true,true
421,Franky,Anders,1015.23,498.59,false,true,false
422,Guthrey,Glendinning,925.61,518,false,false,false
423,Raviv,Bruckstein,836.58,482.5,false,false,true
424,Odo,Ubach,863.13,440.78,false,true,true
425,Erny,Mayzes,721.84,546.47,true,true,false
426,Anallese,Bloodworthe,878.65,402.98,true,false,false
427,Vinson,Hendrikse,913.03,412.04,true,true,true
428,Reba,Clementucci,852.89,12.62,false,true,false
429,Jacklin,Ibbett,1071.57,466.09,false,true,false
430,Lorrie,Rowantree,648.2,348.66,false,true,false
431,Aubrey,Geharke,796.05,544.11,false,false,false
432,Dell,Keenlyside,999.74,485.05,false,true,false
433,Marshal,Scough,798.62,615.61,true,true,false
434,Laureen,Alexandersson,697.6,371.93,false,true,false
435,Vergil,Oxby,882.36,444.44,false,true,true
436,Barnaby,Wellings,689.14,562.61,true,false,true
437,Catlin,Humburton,942.12,558.26,true,true,false
438,Tilly,Heiton,955.19,491.88,true,true,false
439,Forbes,Ruppel,950.01,384.51,false,false,true
440,Heda,Casaro,828.77,444.85,false,true,true
441,Beatrix,Kitchenham,588.86,484.91,false,true,true
442,Tobye,Adshead,881.97,406.2,false,false,false
443,Tracee,Fieldhouse,615.47,382.84,false,true,false
444,Anthony,Kenryd,421.5,533.62,true,false,true
445,Roth,Frary,1112.44,446.15,true,false,true
446,Guillema,Brittles,726.44,532.44,true,true,true
447,Rosemonde,Gruszczak,999.85,,false,false,true
448,Candie,MacKniely,756.13,464.46,true,true,true
449,Fidelio,Western,873.37,455.33,false,true,true
450,Marna,Staniforth,941.62,564.82,false,false,false
451,Rudolph,Bengoechea,870.5,420.83,true,true,true
452,Emmanuel,Elsby,864.7,531.13,true,false,false
453,Marc,O'Shiels,631.57,512.47,true,true,false
454,Clem,Chisholme,896.34,417.88,false,true,false
455,Dominique,Betteriss,1002.45,457.08,true,true,true
456,Eddy,Skase,1097.79,365.99,false,false,true
457,Gillie,Eakle,713.57,420.65,false,false,false
458,Vidovik,Mazonowicz,771.02,440.9,false,true,true
459,Rodolph,Youel,731.95,369.32,false,false,false
460,Frederik,Stanger,850.95,,false,true,true
461,Ludvig,Jurkiewicz,609.73,474.23,true,false,true
462,Caesar,Drinkel,670.55,534.57,true,false,true
463,Chucho,Robeson,655.01,305.77,false,false,true
464,Hilarius,Bolver,952.21,505.31,true,true,false
465,Broderic,Hattiff,826.96,413.24,false,true,true
466,Glenden,Melmeth,718.51,369.19,false,true,true
467,Lora,MacKinnon,587.2,482.8,false,true,true
468,Sandy,Woloschinski,776.56,369.7,true,true,false
469,Fonzie,Yorath,,461.03,false,false,false
470,Leonard,Baggott,790.3,566.28,false,false,false
471,Lynnette,Mation,756.75,382.54,true,true,false
472,Marlin,Snoddy,777.92,562.2,false,false,false
473,Joete,Rulton,704.98,477.55,true,false,true
474,Bernarr,Garmons,705.89,593.14,true,false,true
475,Megan,Valens-Smith,900.3,582.85,false,false,false
476,Cecile,Hammersley,881.07,446.42,false,true,true
477,Kit,Grayham,638.36,437.01,true,true,true
478,Fabio,Fretwell,677.06,507.41,false,false,true
479,Geri,Gillitt,800.24,506.12,true,false,true
480,Eleanora,Barkworth,740.98,513.1,true,true,true
481,Salaidh,Do Rosario,701.75,495.99,true,false,true
482,Shayne,Stradling,706.42,563.15,true,true,false
483,Curtis,Dorman,872.93,380.75,true,false,false
484,Alie,Aitchison,511.89,374.9,true,false,false
485,Nessi,Paget,37.08,429.88,true,false,false
486,Layney,Hark,847.99,448.71,true,true,true
487,Charmion,Stonary,454.79,578.2,false,true,true
488,Dorine,Brithman,560.94,575.55,false,false,true
489,Maitilde,Farherty,745.39,575.92,false,false,true
490,Farlay,Lathe,678.41,424.84,false,false,true
491,Elena,Codlin,746.34,497.91,false,true,true
492,Mable,Treversh,831.79,491.18,true,true,true
493,Marie-ann,Foskett,703.32,423.75,false,false,false
494,Edeline,Rochell,694.3,503.88,true,true,false
495,Meredith,Fairebrother,915.23,488.88,false,false,true
495,Meredith,Fairebrother,915.23,488.88,false,false,true
496,Jeane,McCoid,762.73,529.98,false,false,true
497,Pattin,Vautin,810.97,436.34,false,false,true
498,Heywood,Parsonage,819.98,601.65,true,false,false
499,Elia,Klimushev,702.17,528.31,false,true,true
500,Mela,Slopier,487.55,537.35,true,false,true
501,Iver,Cluatt,1197.89,1258.08,false,true,false
502,Beau,Bellin,1549.07,1052.28,false,false,true
503,Horten,Archbell,2042.54,1065.75,false,false,true
504,Washington,Playfoot,1399.83,1107.61,true,false,false
505,Thom,Ambroziak,1686.46,1178.17,true,true,true
506,Valentin,Nunan,1051.58,1171.44,false,true,true
507,Othelia,Escott,1154.54,1357.28,false,false,true
508,Martainn,Cheley,1404.97,1106.27,true,false,true
509,Ruthann,Andrysek,1321.55,1043.59,false,true,false
510,Andrei,Deguara,1170.02,1072.73,true,false,false
511,Cleo,McComish,1553.91,1044.73,false,true,false
512,Lib,Seath,1565.11,1400.71,true,false,true
513,Billie,Madgwick,1278.69,1171.79,false,true,true
514,Bail,Dabinett,1005.23,1149.75,false,false,false
515,Corene,Schukert,1532.23,919.74,false,true,false
516,Amerigo,Josum,1499.68,1195.15,true,true,false
517,Deva,O'Shiels,1410.56,1177.02,true,true,true
518,Barnabas,D'Enrico,2065.42,1076.79,false,true,true
519,Maryjane,Oatley,1524.63,,true,false,false
520,Carie,Wetherhead,1860.67,1180.37,true,true,true
521,Lanae,Dillingstone,1448.99,1054.33,false,true,false
521,Lanae,Dillingstone,1448.99,1054.33,false,true,false
522,Orv,Commander,,934.84,true,false,true
523,Madelon,Garthside,1132.39,1181.95,true,true,true
524,Ronny,Gallgher,1903.17,1263.57,true,false,true
525,Ulrike,Mundwell,1851.52,1143.56,false,false,false
526,Bryce,Burnage,1660.52,,true,true,false
527,Ximenez,Vanyarkin,1734.19,786.03,false,false,false
528,Gleda,Liggens,1366.12,1092.72,false,true,false
529,Grissel,Saddleton,2034.46,1054.13,false,true,false
530,Sapphira,Taysbil,1510.25,989.3,true,false,true
531,Estella,Mitkcov,1151.11,998.51,true,false,false
532,Fiann,Morey,1463.7,1193.64,false,false,true
533,Daron,Sonier,1772.21,1225.34,true,true,false
534,Willdon,Redshaw,1734.48,1115.08,false,true,false
535,Gabbie,Klich,1548.3,989.35,true,true,false
536,Olly,Whale,1432.23,1158.07,false,true,true
537,Bertie,Cafferky,1348.64,1125.18,true,true,false
538,Roderigo,Darwen,1332.85,1275.04,true,false,true
539,Abby,Huitson,1512.37,1077.58,true,false,false
540,Alysia,Prate,1500.42,922.08,true,true,false
541,Brear,Grzelak,,1160.59,true,false,true
542,Benjamin,Vedntyev,1553.84,1041.23,true,true,false
543,Bowie,Somerlie,1482.54,1085.94,false,false,false
544,Bendicty,Christin,1092.47,1173.82,true,true,false
545,Dolly,Deering,1561.94,1324.64,false,true,false
546,Susy,O'Fearguise,895.4,1198.76,false,true,true
547,Carlo,Lortz,1426.34,1164.31,false,false,true
548,Devin,Jikylls,1262.96,1032.31,false,true,false
549,Mychal,Kincey,1699.31,923.71,true,false,true
550,Georg,Enterlein,1792.76,1319.42,true,false,true
551,Arlena,Armistead,812.84,1116.6,true,false,false
552,Neddie,Milligan,1457.5,2133.76,false,true,true
553,Harold,Fullilove,1768.4,1203.09,false,false,true
554,Irene,Olenchikov,1648.53,1130.29,true,true,true
555,Ky,Waltering,1978.81,1078.41,false,false,true
556,Brice,Heaford,1487.63,829.29,true,true,false
557,Allayne,Twelvetree,1910.39,1396.87,true,true,false
558,Monique,Murricanes,1489.48,1081.21,false,true,true
559,Launce,Olenin,1522.9,1064.09,true,true,true
560,Elle,Frany,1541.6,887.79,false,false,true
561,Griffin,Svanini,1417.2,1025.82,false,false,false
562,Henrieta,Buckingham,1792.7,924.67,true,true,false
563,Sheri,McNalley,1780.65,1070.99,false,true,true
564,Codie,Hanwell,2541.25,1195.79,true,true,true
565,Brook,Harback,1729.25,1086.65,false,false,true
566,Aluin,Hanhard,1115.52,1315.09,false,true,true
567,Eleen,Aubert,1157.43,1212.97,false,true,true
568,Trstram,Wytchard,1494.82,1219.25,false,false,false
569,Rennie,Whelband,1093.03,1159.45,false,true,true
570,Cornelle,Lait,1343.62,1226.51,true,true,true
571,Sebastiano,Vannuccini,1386.21,890.4,false,true,true
572,Troy,Riddles,1251.57,1188.78,true,false,true
573,Lacee,Piaggia,1584.81,1019.45,true,false,false
574,Nikoletta,Broadis,1470.21,970.29,true,false,true
575,Farah,Cypler,1436.49,1004.87,true,false,false
576,Lu,Chilcotte,1638.96,1076.98,false,false,false
577,Sax,Lidbetter,1378.07,962.47,true,true,true
578,Thorndike,Moody,1356.55,811.05,true,true,true
579,Genna,Tye,1874.86,1121.32,true,false,false
580,Trent,Calcutt,1171.86,983.43,true,true,false
581,Gilbertina,Cline,1429.18,1270.06,true,false,false
582,Viviyan,Linnell,1400.34,1312.34,true,true,true
583,Emeline,Letrange,1340.98,1158.51,true,true,false
584,Nanni,Hartrick,1884.27,1267.99,true,true,true
585,Arlen,Maxfield,1715.66,1083.04,false,false,false
586,Ginevra,Trett,1111.27,,false,false,true
587,Blanca,Valentetti,1364.49,1363.97,true,false,false
588,Marius,Klug,2672.67,1167.96,true,true,false
589,Jaquenette,Ivakin,1075.97,1031.89,false,false,false
590,Garrard,McKeady,1659.81,1032.58,false,false,false
591,Fernandina,Colleford,1591.69,1303.34,true,true,false
592,Isabel,Maple,1509.88,1146.12,false,false,true
593,Luca,Demangeon,1413.31,1158.47,false,false,false
594,Marcellus,Jentzsch,1356.97,1035.82,true,true,true
595,Nessa,Mathiassen,1227.68,1150.21,true,false,false
596,Mercie,Jenk,1223.42,1285.71,false,false,false
597,Elene,Corkill,1301.29,1045.95,true,true,false
598,Britteny,Cliff,1127.97,1346.63,false,true,false
599,Flin,McBeith,1341.66,1135.27,true,false,true
600,Peadar,Danilewicz,1523.97,1086.01,true,false,true
601,Tod,Postgate,1513.43,1137.01,true,true,false
602,Aube,Gowenlock,1809.23,978.47,true,false,false
603,Nicole,Angrock,1365.11,1218.58,true,true,true
604,Omar,Crummay,1696.45,2288.59,false,true,false
605,Walther,Scandroot,1849.61,1109.05,true,false,true
606,Gerick,Reynoldson,1249.17,990.9,false,true,false
607,Dominga,Lampitt,1754.96,1134.24,false,true,false
608,Ursuline,Berfoot,1241.11,1074.35,true,false,false
609,Lin,Todhunter,1450.25,1180.26,false,false,true
610,Candi,Tamburo,1242.4,1071.96,true,true,true
611,Jaimie,Sheeres,1871.39,1188.42,true,false,true
612,Constantin,Dumphrey,1803.68,1241.69,false,true,false
613,Myca,Waumsley,1586.19,1318.39,true,false,true
614,Berny,Averall,1668.51,1240.41,true,false,false
615,Reinhold,Shalloe,1742.55,1388.86,false,false,false
616,Marylee,Conichie,1197.27,1214.13,true,true,true
617,Holly,Pittham,1178.29,1363.9,false,false,false
618,Sheri,Brisseau,1520.67,846.94,false,true,true
619,Man,Prantoni,,1246.69,false,true,true
620,Mannie,Obal,1421.51,,false,false,false
621,Kylen,Kilminster,1326.25,1176.05,true,false,true
622,Natalina,Rivett,1819.21,1158.54,false,false,false
623,Kristo,Claypool,1569.51,1077.52,false,false,false
624,Craggie,Iremonger,1310.11,1201.46,false,false,false
625,Jakie,Stancer,1368.43,1213.7,true,false,true
626,Terrijo,Galilee,1506.12,1166.52,false,true,true
627,Tommi,Crayton,1589.49,847.32,false,false,true
628,Torr,Ygo,1353.54,1113.66,false,false,false
629,Ruthe,Siret,1615.46,1128.24,false,false,false
630,Dorri,Taylo,1869.21,1181.3,true,false,false
631,Fredia,Heasly,1905.44,1215.63,true,false,true
632,Liva,Luchetti,1347.74,945.61,true,true,false
633,Chicky,Pile,1689.72,1048.32,true,true,true
634,Odessa,Corbould,1597.54,1049.22,true,false,false
635,Maisey,Garside,720.9,1086.28,true,true,false
636,Erwin,Pelcheur,,1135.9,true,false,true
637,Angeline,Havis,1061.57,1033.03,false,false,true
637,Angeline,Havis,1061.57,1033.03,false,false,true
638,Germain,Fonquernie,1071.61,1083.65,true,true,true
639,Dukie,Roizn,1564.3,1102.99,false,true,false
640,Averell,Brothwell,1306.76,1148.96,false,true,false
641,Clayton,Akester,1285.8,944.56,false,true,true
642,Teirtza,Cornfield,1570.89,1124.44,false,true,true
643,Crin,Delle,1205.63,960.63,true,true,true
644,Artie,Braithwait,1721.31,1098.07,false,true,false
645,Revkah,Navaro,1310.65,1218.93,false,false,true
646,Kenny,Franzel,1666.18,,true,true,false
647,Rancell,Haestier,1386.1,1045.02,false,false,false
648,Deonne,Ravenshear,1378.12,1192.88,true,false,false
649,Bo,Seiler,1618.66,919.05,false,false,false
650,Patty,McKinnell,1367.82,1202.58,false,false,false
651,Mart,Renault,1325.54,1021.03,true,false,false
652,Bat,Behagg,1737.67,999.69,true,false,false
653,Garwood,Hembery,1637.84,1216.26,true,true,false
654,Noach,Causby,1043.5,1073.27,true,true,true
655,Meade,Karpushkin,1527.9,1204.88,false,false,false
656,Novelia,Hairon,1741.81,1226.4,true,true,true
657,Jacklyn,Rosevear,1827.29,999.15,false,false,true
658,Rosalynd,Grovier,1765.16,1065.09,true,false,false
659,Konstantin,Wildman,1342.31,881.58,true,false,false
660,Daphna,Maase,1573.8,886.17,true,false,false
661,Hinda,O' Loughran,1600.05,1058.51,false,true,true
662,Trish,Bamell,1889.31,1046.94,true,true,true
663,Nady,Henken,1459.96,938.66,true,false,false
664,Jocko,Tewelson,1659.16,1068.57,false,true,true
665,Way,Godman,1526.31,991.35,false,true,false
666,Karena,Lunck,2020.51,1156.74,false,false,false
667,Megen,Major,2071.33,882.5,true,true,false
668,Constance,McGebenay,1520.68,1052.57,true,false,false
669,Ardra,Dorgan,2055.27,1215.56,true,false,false
670,Bartlett,Gillies,1599.58,1063.88,true,true,false
671,Raimundo,Oke,1311.32,1054.88,false,true,true
672,Carrie,Tytherton,1569.9,1231.85,true,true,false
673,Leonidas,Picford,1148.24,1117.23,true,false,false
674,Fons,Jedrzejkiewicz,1722.18,2295.75,false,false,false
675,Violet,Tutchener,1490.29,1178.77,false,true,false
676,Abigale,Timby,1071.4,825.48,false,true,true
677,Aggi,Ripley,1860.75,1160.43,true,false,false
678,Mata,Rodders,1559.78,1030.32,false,false,true
679,Norina,O'Regan,1529.4,1131.88,true,false,false
680,Lucienne,Riseborough,1610.01,1210.89,true,false,false
681,Fowler,Hubbard,1559.21,1223.94,true,false,true
682,Gracie,Hunstone,1327.58,1090,true,false,false
683,Hartley,Eckh,1434.09,1291.35,false,false,true
684,Paddie,Pisco,1556.74,968.42,false,false,false
685,Silas,Kienl,1978.97,1015.55,true,true,true
686,Merci,Jamrowicz,1857.96,1128.09,false,true,true
687,Ronnie,Cavalier,1666.17,1150.74,true,true,true
688,Penelopa,MacGettigen,1638.71,998.9,false,false,true
689,Titus,Mantha,1462.51,1149.1,true,true,false
690,Donavon,Roullier,1594.68,1300.18,false,true,false
691,Andie,Janowski,1626.48,1042.34,true,true,false
692,Amandie,Hubbuck,957.89,1221.04,false,true,true
693,Jada,Ovington,1210.04,1027.04,false,true,true
694,Pris,Bastistini,1314.67,1135.22,false,false,false
695,Ragnar,Masey,1187.29,914.52,false,false,true
696,Deidre,Towne,1537.45,1038.86,false,true,true
697,Farlee,Ridwood,,1143.88,false,false,true
698,Sela,Palleske,1590.75,1003.89,false,false,true
699,Ogdan,Lillie,1566.33,1203.92,true,false,true
700,Carla,Skingle,1068.16,,true,false,false
701,Phineas,Rouby,1350.14,1304.15,true,true,true
702,Homere,Ganley,1550.03,1125.54,true,true,false
703,Audre,Grichukhin,1498.2,1127.52,true,true,false
704,Reinald,D'Acth,1702.12,1308.09,false,true,true
705,Boyce,Loggie,1088.28,1076.67,true,true,false
706,Ber,Digman,1687.35,1274.99,false,false,false
707,Eartha,Adams,1010.4,1112.91,true,true,true
708,Phyllys,Danett,1169.63,1037.72,false,true,false
709,Antone,Fortie,1236.37,1250.18,true,false,false
710,Forester,Meatcher,1451.29,1310.16,true,false,false
711,Audrye,McQuillan,1076.73,1205.89,true,true,true
712,Audra,Grzelczak,1341.47,1195.09,true,true,false
713,Elsey,McGovern,1537.52,1074.83,true,false,false
714,Ambros,Robertacci,1831.07,915.39,false,false,false
715,Shaylah,Terrell,1812.65,1009.02,true,false,true
716,Tonia,Osanne,1251.03,1218.2,true,false,true
717,Odette,Kittiman,1177.41,1022.65,false,true,true
718,Hube,Digby,1210.74,1319.05,false,true,true
719,Scotti,Adamides,1312.75,1068.78,false,true,true
720,Solly,Philipard,2569.86,1043.13,true,true,true
721,Mariette,Attewell,1626.6,1239.12,true,false,true
722,Leonora,Warboys,1302.22,1153.61,true,false,true
723,Gene,Moquin,1363.17,1092.18,false,true,false
724,Gorden,Houlworth,1430.56,1293.86,false,false,false
725,Lynett,Sinderland,1602.97,964.69,false,true,false
726,Paule,Luetkemeyer,1164.73,1073.01,true,true,true
727,Delainey,Jaulmes,1501.59,1091.12,true,true,false
728,Anna,Mycock,1454.22,1164.93,true,true,false
729,Christel,Thies,1211.63,1250.57,false,true,false
730,Hirsch,Skones,1400.43,1012.21,true,false,false
731,Millard,Krysztowczyk,1343.12,1090.67,false,false,false
732,Claudette,Kunisch,1505.39,1049.1,true,false,true
733,Rosabella,Bahike,1351.35,930.91,false,true,true
734,Charlot,Trigwell,1667.04,1155.39,true,true,true
735,Rickie,Bowld,1875.77,991.31,false,false,true
736,Lorianna,Pritchitt,1458.74,915.04,false,false,true
737,Bibbie,Phelit,1610.08,1024.01,false,true,false
738,Sholom,Youson,1909.5,1062.39,false,false,true
739,Carolann,Habbergham,1384.96,935.4,false,false,true
740,Christie,Ridout,1279.95,905.48,false,false,true
741,Massimiliano,Laugheran,1763.19,1093.16,false,true,false
742,Jessa,Kobsch,1622.12,1046.87,true,true,true
743,Anissa,Insworth,1619.07,1167,false,false,true
744,Rachel,O'Lunny,1415.91,985.09,false,false,true
745,Melita,Bohman,981.35,1372.36,false,false,false
746,Cilka,Townshend,1584.68,1063.32,false,false,false
747,Bartolemo,Bettleson,1384.39,961.24,true,true,true
748,Patrizius,Verney,1601.12,1205.95,false,true,true
749,Krista,Kersley,1597.37,1160.12,true,true,true
750,Paquito,Olliffe,1045.07,976.96,false,true,false
751,Vivienne,Farfoot,1738.94,1255.89,false,true,true
752,Pearline,O'Reilly,1376.75,2305.37,false,false,false
753,Ophelia,Bogie,1429.01,1227.19,false,false,true
754,Hobard,Beagrie,1644.63,1074.15,false,true,true
755,Burty,Float,1673.96,1427.63,true,false,true
756,Cristobal,Farncombe,1419.62,988.81,true,true,true
757,Dannye,Bessent,1458.01,1198.51,true,true,false
758,Amandi,Sakins,1334.35,1020.94,true,true,false
759,Caroline,Abbay,1083.7,1128.77,false,true,false
760,Samaria,Wisdish,1673.17,1251.35,false,true,true
761,Carce,Creeboe,1460.03,1134.98,false,false,false
762,Worden,Dickerson,1707.94,1101.76,true,false,false
763,Jo,Scain,1287.16,898.58,false,false,true
764,Tadeo,Minghetti,1415.64,1114.41,false,false,true
765,Corbin,Donaghie,1115.14,1059.53,true,false,true
766,Stanford,Bonnett,1698.64,1005.14,false,false,true
767,Godfry,Sutch,1017,868.49,false,true,true
768,Maitilde,Semour,1615.36,1146.84,true,true,false
769,Rafaela,Buer,1601.39,903.93,true,false,false
770,Kip,Michin,1378.41,1178.6,true,true,true
771,Annabal,Bartolomucci,1962.18,967.66,false,true,true
772,Sloane,Bulley,1335.59,977.15,false,false,true
773,Tony,Scarlet,1422.86,1183.33,true,false,false
774,Marje,Tittletross,1743.83,1052.92,true,true,false
775,Celka,O'Daly,,1008.74,false,false,true
776,Dino,Lundberg,1472.92,1278.89,true,true,true
777,Ezri,Ellesmere,1403.35,966.47,false,false,false
778,Lucho,Cowdroy,1439.33,,false,true,false
779,Ardeen,Nurdin,1656.86,1122.8,true,true,true
780,Anette,Kaley,,1175.43,true,true,false
781,Elvyn,Daffern,1284.8,1205.04,false,true,true
782,Daven,McGrann,1721.18,1231.71,true,false,false
783,Shurlock,Treat,1654.31,1082.06,true,true,false
784,Chandler,Spowage,1565.94,1378.22,true,true,true
785,Chickie,Upston,1614.56,1110.59,false,false,false
786,Clementius,Addlestone,1121.06,1129.11,true,false,false
787,Homere,Baelde,1307.6,1058.25,false,false,true
788,Elisabetta,Mc Menamin,1190.89,1156.18,true,false,true
789,Howie,Strangward,1639.81,1047.02,true,true,true
790,Deeyn,Marlor,1398.1,1211.72,false,true,true
791,Babara,Iban,1111.94,1219.67,false,false,false
792,Hayden,Faireclough,1572.53,1126.28,true,true,true
793,Ailey,Guesford,1151.85,1099.77,false,false,false
794,Eyde,Verbrugge,798.33,1074.83,true,true,false
795,Rudd,Milsom,1902.77,845.03,true,false,true
796,Darleen,Spradbrow,1136.57,1186.96,true,false,true
797,Marthena,Lowson,1661.83,991.64,true,false,false
798,Sal,Malenfant,1476.13,926.23,true,false,false
799,Karylin,Arnholz,1878.29,1015.06,true,true,false
800,Padget,Tourner,1190.12,1045.9,false,false,true
801,Gabbi,Gebhard,1229.87,1412.53,true,true,false
802,Terrie,Schowenburg,2014.56,1145.2,false,false,true
803,Matthias,Verner,2024.02,1095.88,false,false,false
804,Vyky,Yellowlea,1220.75,1392,true,false,true
805,Gregorio,Gobeau,1627.53,1079.54,true,false,false
806,Elana,Nathan,1512.41,1039.25,false,true,false
807,Bernetta,Gowdy,1830.19,1263.03,true,false,false
808,Benita,Rodolphe,1424.66,1096.03,false,false,true
809,Griz,Skrines,1560.34,1086.19,true,false,true
810,Burch,Brockie,1223.83,1095.34,false,true,false
811,Everett,Burrel,1607.7,1247.53,false,true,true
812,Herculie,Gibbe,1237.86,871.02,false,true,false
813,Alan,Hartshorn,1172.16,1219.73,false,true,true
814,Yardley,Diamant,1550.23,1077.84,true,true,true
815,Devora,Pennycock,1471.54,929.35,true,false,false
816,Wallis,Matiewe,1769.88,1052.59,true,false,false
817,Vi,Philipps,1225.59,1180.96,true,true,true
818,Lawry,Wilse,1510.41,997.86,false,false,false
819,Dieter,Murrie,1911.38,1014.88,true,true,true
820,Hugh,Finlater,1617.75,893.74,false,true,true
821,Anderson,Bumby,1298.3,1027.32,false,true,false
822,Vince,Wissbey,2562.97,915.99,false,true,true
823,Mabel,Shepstone,1556.15,954.7,true,true,true
824,Benoit,Foreman,1484.92,,true,false,true
825,Vevay,Apps,1349.26,1070.82,true,true,true
826,Ches,Dabbes,1712.47,1023.22,true,false,true
827,Flinn,Poad,1323.95,1026.51,true,false,false
828,Dallis,Tomeo,1372.89,1122.7,true,false,false
829,Rockwell,Karolyi,1277.14,1037.04,false,true,true
830,Rorke,Edmott,1783.26,942.01,false,true,true
831,Alvera,Waterhous,1705.12,1107.39,false,true,false
832,Johnna,Andrysiak,2042.37,786.21,false,false,true
833,Tiertza,Lainton,1441.65,986.09,false,false,true
834,Mathilda,Chiles,765.23,1273.58,true,true,true
835,Alia,Zorzoni,1583.49,1126.7,true,true,false
836,Jakie,Benninck,1184.01,1100.11,true,false,true
837,Felice,Damant,1633.2,1018.99,true,false,false
838,Cesar,Raeside,1624.86,946.73,true,false,true
839,Colas,Bartul,1816.67,1167.66,false,false,true
840,Bondy,Bontein,1618.13,1196.19,true,true,false
841,Shirleen,Absolom,1417.26,1276.65,false,true,false
842,Kimbell,Deavin,1434.34,1027.16,false,false,true
843,Aloysia,Mancktelow,1843.95,1093.35,true,false,true
844,Jacynth,Bullon,1407.71,1141.18,false,true,false
845,Bent,Syplus,1514.55,1341.16,true,false,true
846,Ciro,MacCrosson,1882.27,1010.64,false,true,false
847,Lacey,Thackray,1474.15,1109.18,false,false,false
848,Muffin,Carney,1543.64,1186.93,true,false,false
849,Lorette,Zaczek,1183.63,1200.86,true,true,true
850,Simon,MacGraith,1182.74,,false,false,true
851,Bank,Matityahu,1973.94,992.14,false,true,false
852,Jessa,Buttel,1060.56,1134.9,false,true,false
853,Sylas,Rosenberger,,1140.13,false,false,false
854,Karen,Beamson,1608.55,954.34,true,true,false
855,Skipton,Ferrier,1545.76,983.88,true,true,false
856,Maurie,Drable,1488.6,974.56,true,true,false
857,Stuart,Lambersen,1718.44,1151.83,false,true,true
858,Tildi,Paton,2186.23,1051.87,false,false,false
859,Tedra,Tine,1675.65,1030.26,true,true,false
860,Nonna,Jemmett,1874.27,1317.72,false,true,false
861,Fairlie,Wyett,1509.56,1008.04,false,false,true
862,Dicky,Speeks,1414.17,1102.1,true,false,false
863,Elise,Lochet,1476.37,995.51,false,false,false
864,Cilka,Cordero,1549.46,1409.12,true,true,true
865,Teddie,Bindley,1547.77,1102.03,false,true,false
866,Glenda,Mulgrew,1605.91,1070.56,true,true,false
867,Dan,Maypowder,1892.59,1189.52,false,true,false
868,Nathanael,Conkling,1485.61,1069.57,false,false,false
869,Berthe,Skone,1498.87,949.86,true,true,true
870,Merla,Tarbath,1888.21,1329.36,true,false,false
871,Nell,McLice,1561.73,1282.52,true,true,true
872,Del,Carrigan,1771.6,1059.23,false,true,false
873,Fredric,Espina,1523.5,1340.29,true,true,true
874,Spike,Vedikhov,1217.01,1193.06,false,false,false
875,Muhammad,Rycroft,1911.57,1107.21,true,true,false
876,Cos,Bartoli,1563.1,1017.54,true,false,false
877,Rufe,Creeboe,1430.77,1257.52,false,false,true
878,Felisha,Carcass,2091.34,887.32,true,false,true
879,Ninetta,Bridgen,1568.32,1188,true,false,false
880,Coraline,Goodger,1614.68,1092.08,true,false,true
881,Maggie,Stern,1618.09,1250.58,false,false,false
882,Fleming,Danelut,1292.09,1129.2,true,false,true
883,Vinny,McMychem,1812.68,977.46,false,false,true
884,Abbe,Feasby,1417.95,975.26,false,true,false
885,Eddy,Matt,1684.52,1004.96,true,false,false
886,Martelle,Freestone,1229.76,963.39,true,false,false
887,Renata,Thurlow,1830.54,1161.2,true,true,false
888,Tamiko,Arrington,1555.04,1098,true,false,false
889,Gaston,Vigours,683.09,1070.6,false,false,false
890,Bethina,Tanti,1297.03,882.07,false,true,true
891,Ezri,Willden,1478.64,1127.69,false,true,true
892,Jamima,Seilmann,1019.47,1060.17,false,true,true
893,Dolley,McShirie,1385.77,696.72,true,false,true
894,Amos,Gligorijevic,1676.24,1247.96,true,true,false
895,Carmine,Wellstead,1620.25,1084.12,false,true,true
896,Xenos,Asch,1603.78,1127.67,true,false,false
897,Brew,Altree,1691.25,1223.91,true,true,false
898,Stanford,Hurdis,1388.28,1052.6,true,true,false
899,Brigit,Fernley,1382.81,989.39,true,true,true
900,Dredi,Deacock,2652.12,2318.53,true,true,true
901,Mikol,Muckart,1752.32,1005.82,true,true,false
902,Fraser,Munby,1141.11,1038.06,true,false,false
903,Hyacinth,Killock,1556.95,1115.93,false,false,false
904,Homerus,Bendin,1711.02,1149.41,false,false,true
905,Stevie,Schoenrock,1717.49,1115.99,true,true,false
906,Orlando,Middup,,1014.16,false,true,true
907,Virginie,Zamorrano,1397.87,1133.93,false,false,true
908,Milty,Byng,1478.09,1142.72,false,true,false
909,Lowell,Starford,1676.05,1103.69,false,true,true
910,Garrott,Rothera,1560.86,1074.34,false,true,true
911,Bone,Kinforth,1296.37,1149.98,false,false,true
912,Denys,McArthur,1422.6,1182.63,true,false,true
913,Denis,Garces,1935.83,1240.78,true,true,true
914,Mord,Burl,1437.5,1191.81,true,false,true
915,Brnaba,Wrankmore,1326.97,1079.35,true,true,true
916,Rose,Lovelady,1436.85,1181.22,true,false,false
917,Marilin,Oda,1702.87,1272.99,false,false,true
918,Alexandro,Giannoni,1202.38,1287.29,false,false,false
919,Hilly,Stallebrass,,1215.64,false,true,false
920,Dela,Skakunas,1825.47,,false,true,true
921,Brook,Merrydew,1596.44,1044.59,true,false,false
922,Lenora,Dytham,1759.82,,true,false,true
923,Jaymie,Taggett,1441.97,874.46,false,false,true
924,Tuesday,Ioannou,1370.1,1092.26,false,false,false
925,Norbert,Philippeaux,1281.32,1210.76,true,false,false
926,Brod,Obin,1754.66,1072.09,false,true,true
927,Clarita,Kidson,1866.77,1396.04,true,true,false
928,Pen,Morrice,1437.34,1022.42,false,false,true
929,Fleming,Paulitschke,1406.68,967.61,false,false,true
930,Maegan,Bloxholm,1851.19,1143.47,false,false,true
931,Christie,Tattersfield,1447.69,1105.25,false,false,true
932,Obie,Dwyer,1273.47,1071.56,true,false,false
933,Bradney,O'Loughane,1509.35,862.29,false,false,false
934,Samara,Fattori,1303.98,811.42,false,true,true
935,Maridel,McKeaney,1169.99,1112.55,false,false,true
936,Agathe,Behrend,1174.07,1274.1,false,false,true
937,Daisi,Zealander,1063.31,901.78,false,true,false
938,Alaric,Monksfield,1854.98,1279.24,true,true,false
939,Brittany,Kempe,1271.49,1294.06,true,true,true
940,Camille,Gilford,1424,1165.1,false,true,false
941,Matthiew,Prescote,1971.41,1109.06,true,false,true
942,Kelila,Kegley,1510.31,1203.34,true,false,false
943,Roldan,Tennant,1282.49,1187.67,true,false,false
944,Heda,Ashton,1290.45,1201.41,true,false,false
945,Stanislas,Duckham,1217.31,973.37,false,false,false
946,Cathleen,Winsome,1395.07,1111.34,false,true,false
947,Tamara,Bateup,1101.72,954.65,true,false,true
948,Marika,Burchard,1371.31,1044.76,false,false,false
949,Elissa,Houlridge,1502.75,1132.81,false,false,false
950,Goldina,Dalziell,1365.56,1023.76,false,false,false
951,Darrell,Grioli,1574.34,954.72,true,false,false
952,Farlie,Sacker,1429.29,1053.87,false,true,true
953,Ulrica,Innett,1551.54,1186.92,false,true,true
954,Lowrance,Barensky,1442.64,1111.42,false,true,true
955,Patrice,McDirmid,1629.64,1014.54,false,false,true
956,Elwin,Lissett,1084.45,905.5,false,true,false
957,Ediva,Bartoszewicz,1463.43,1217.07,false,true,false
958,Emilie,Andreolli,1484.39,1207.25,true,false,true
959,Coleen,Loram,1244.71,1010,true,false,false
960,Bren,Elsmore,2070.29,1072.95,false,false,false
961,Sebastien,Pettiford,1647.35,882.8,false,true,false
962,Cari,Abramovici,1571.12,1145.19,true,false,true
963,Ronda,Whalley,1646.06,970.6,false,false,false
964,Irwinn,Giovannacci,1649.64,1150.98,false,true,true
965,Katheryn,Goldis,1547.2,1308.6,true,true,true
966,Tucky,Copnell,1522,1076.63,false,true,false
967,Arline,Lafranconi,1532.47,1024.44,true,false,false
968,Levi,Dawidsohn,1564.21,1058.57,true,false,false
969,Mickie,Ivic,1363.12,1268.34,false,false,false
970,Modesty,Perrycost,1811.74,944.38,false,false,true
971,Sadella,Pedlingham,1393.51,1069.12,false,false,false
972,Abigael,Cowdray,2228.13,1343.77,true,false,true
973,Sari,Whoston,1821.51,1273.64,true,true,true
974,Danila,Widdowfield,1398.19,998.82,false,false,false
975,Moritz,Lawry,1144.31,1095.7,false,false,true
976,Andie,Fonzone,1301.05,1429.73,true,true,false
977,Claudie,Attew,1505.55,1155.52,false,false,false
978,Brianna,Oakden,1118.07,1055.1,false,true,true
979,Towny,Vlies,1754.83,1032.8,false,true,true
980,Powell,Riggulsford,1695.56,1230.49,true,false,false
981,Caralie,Maycock,1395.1,1098.65,false,true,true
982,Saraann,Egdal,1741.69,943.74,true,false,false
983,Phil,Rabbe,1082.96,1132.57,true,true,false
984,Claudian,Tolmie,1253.14,1449.75,true,false,true
985,Sibylla,Cremin,1657.14,831.84,false,true,true
986,Dan,Pedrielli,1042.07,1203.8,true,true,true
987,Lesley,Blakden,1832.31,1167.85,true,false,false
988,Roland,Lyenyng,1586.3,950.19,false,false,false
989,Myranda,Staig,1258.58,1294.88,true,true,true
990,Orsa,Smithin,2149.6,,false,false,true
991,Arlinda,Bromidge,,1044.44,false,true,true
992,Michal,Debrick,1856.71,1128.35,true,false,false
993,Shell,Edridge,1319.32,1345.5,true,false,true
994,Tori,Demongeot,1443.28,854.31,true,false,true
995,Hernando,Tue,1471.41,,true,true,true
996,Danyette,Udden,,962.8,false,true,true
997,Earlie,Brumbie,2540,1176.52,true,false,false
998,Rolland,Windram,1407.65,1066.44,true,false,true
999,Effie,Barta,1724.77,1079.9,true,false,true
1000,Tracie,Ohrt,1208.92,893.44,false,false,true
